run_id,feature_name,missing_count,missing_ratio,dtype,n_unique
20260119_024933,CODE_GENDER,0,0.0,int64,2
20260119_024933,FLAG_OWN_CAR,0,0.0,int64,2
20260119_024933,FLAG_OWN_REALTY,0,0.0,int64,2
20260119_024933,CNT_CHILDREN,0,0.0,int64,15
20260119_024933,AMT_INCOME_TOTAL,0,0.0,float64,2548
20260119_024933,AMT_CREDIT,0,0.0,float64,5603
20260119_024933,AMT_ANNUITY,12,3.9023501904021696e-05,float64,13672
20260119_024933,AMT_GOODS_PRICE,278,0.0009040444607765027,float64,1002
20260119_024933,REGION_POPULATION_RELATIVE,0,0.0,float64,81
20260119_024933,DAYS_BIRTH,0,0.0,int64,17460
20260119_024933,DAYS_EMPLOYED,55374,0.1800739495361081,float64,12573
20260119_024933,DAYS_REGISTRATION,0,0.0,float64,15688
20260119_024933,DAYS_ID_PUBLISH,0,0.0,int64,6168
20260119_024933,OWN_CAR_AGE,202927,0.6599101809064509,float64,62
20260119_024933,FLAG_MOBIL,0,0.0,int64,2
20260119_024933,FLAG_EMP_PHONE,0,0.0,int64,2
20260119_024933,FLAG_WORK_PHONE,0,0.0,int64,2
20260119_024933,FLAG_CONT_MOBILE,0,0.0,int64,2
20260119_024933,FLAG_PHONE,0,0.0,int64,2
20260119_024933,FLAG_EMAIL,0,0.0,int64,2
20260119_024933,CNT_FAM_MEMBERS,2,6.503916984003616e-06,float64,17
20260119_024933,REGION_RATING_CLIENT,0,0.0,int64,3
20260119_024933,REGION_RATING_CLIENT_W_CITY,0,0.0,int64,3
20260119_024933,HOUR_APPR_PROCESS_START,0,0.0,int64,24
20260119_024933,REG_REGION_NOT_LIVE_REGION,0,0.0,int64,2
20260119_024933,REG_REGION_NOT_WORK_REGION,0,0.0,int64,2
20260119_024933,LIVE_REGION_NOT_WORK_REGION,0,0.0,int64,2
20260119_024933,REG_CITY_NOT_LIVE_CITY,0,0.0,int64,2
20260119_024933,REG_CITY_NOT_WORK_CITY,0,0.0,int64,2
20260119_024933,LIVE_CITY_NOT_WORK_CITY,0,0.0,int64,2
20260119_024933,EXT_SOURCE_1,173376,0.5638115555093055,float64,114583
20260119_024933,EXT_SOURCE_2,660,0.0021462926047211934,float64,119830
20260119_024933,EXT_SOURCE_3,60965,0.19825564946489024,float64,814
20260119_024933,APARTMENTS_AVG,156060,0.5075006422618021,float64,2339
20260119_024933,BASEMENTAREA_AVG,179942,0.5851639149677893,float64,3780
20260119_024933,YEARS_BEGINEXPLUATATION_AVG,150006,0.4878132855512232,float64,285
20260119_024933,YEARS_BUILD_AVG,204486,0.6649799841954818,float64,149
20260119_024933,COMMONAREA_AVG,214862,0.6987223055084925,float64,3181
20260119_024933,ELEVATORS_AVG,163890,0.5329634772541764,float64,257
20260119_024933,ENTRANCES_AVG,154827,0.5034909774411639,float64,285
20260119_024933,FLOORSMAX_AVG,153019,0.4976114364876247,float64,403
20260119_024933,FLOORSMIN_AVG,208640,0.6784886197712572,float64,305
20260119_024933,LANDAREA_AVG,182588,0.5937685971376261,float64,3527
20260119_024933,LIVINGAPARTMENTS_AVG,210197,0.683551919143304,float64,1868
20260119_024933,LIVINGAREA_AVG,154349,0.5019365412819871,float64,5199
20260119_024933,NONLIVINGAPARTMENTS_AVG,213512,0.69433216154429,float64,386
20260119_024933,NONLIVINGAREA_AVG,169680,0.5517923169228668,float64,3290
20260119_024933,APARTMENTS_MODE,156060,0.5075006422618021,float64,760
20260119_024933,BASEMENTAREA_MODE,179942,0.5851639149677893,float64,3841
20260119_024933,YEARS_BEGINEXPLUATATION_MODE,150006,0.4878132855512232,float64,221
20260119_024933,YEARS_BUILD_MODE,204486,0.6649799841954818,float64,154
20260119_024933,COMMONAREA_MODE,214862,0.6987223055084925,float64,3128
20260119_024933,ELEVATORS_MODE,163890,0.5329634772541764,float64,26
20260119_024933,ENTRANCES_MODE,154827,0.5034909774411639,float64,30
20260119_024933,FLOORSMAX_MODE,153019,0.4976114364876247,float64,25
20260119_024933,FLOORSMIN_MODE,208640,0.6784886197712572,float64,25
20260119_024933,LANDAREA_MODE,182588,0.5937685971376261,float64,3563
20260119_024933,LIVINGAPARTMENTS_MODE,210197,0.683551919143304,float64,736
20260119_024933,LIVINGAREA_MODE,154349,0.5019365412819871,float64,5301
20260119_024933,NONLIVINGAPARTMENTS_MODE,213512,0.69433216154429,float64,167
20260119_024933,NONLIVINGAREA_MODE,169680,0.5517923169228668,float64,3327
20260119_024933,APARTMENTS_MEDI,156060,0.5075006422618021,float64,1148
20260119_024933,BASEMENTAREA_MEDI,179942,0.5851639149677893,float64,3772
20260119_024933,YEARS_BEGINEXPLUATATION_MEDI,150006,0.4878132855512232,float64,245
20260119_024933,YEARS_BUILD_MEDI,204486,0.6649799841954818,float64,151
20260119_024933,COMMONAREA_MEDI,214862,0.6987223055084925,float64,3202
20260119_024933,ELEVATORS_MEDI,163890,0.5329634772541764,float64,46
20260119_024933,ENTRANCES_MEDI,154827,0.5034909774411639,float64,46
20260119_024933,FLOORSMAX_MEDI,153019,0.4976114364876247,float64,49
20260119_024933,FLOORSMIN_MEDI,208640,0.6784886197712572,float64,47
20260119_024933,LANDAREA_MEDI,182588,0.5937685971376261,float64,3560
20260119_024933,LIVINGAPARTMENTS_MEDI,210197,0.683551919143304,float64,1097
20260119_024933,LIVINGAREA_MEDI,154349,0.5019365412819871,float64,5281
20260119_024933,NONLIVINGAPARTMENTS_MEDI,213512,0.69433216154429,float64,214
20260119_024933,NONLIVINGAREA_MEDI,169680,0.5517923169228668,float64,3323
20260119_024933,TOTALAREA_MODE,148430,0.4826881989678284,float64,5116
20260119_024933,OBS_30_CNT_SOCIAL_CIRCLE,1021,0.003320249620333846,float64,33
20260119_024933,DEF_30_CNT_SOCIAL_CIRCLE,1021,0.003320249620333846,float64,10
20260119_024933,OBS_60_CNT_SOCIAL_CIRCLE,1021,0.003320249620333846,float64,33
20260119_024933,DEF_60_CNT_SOCIAL_CIRCLE,1021,0.003320249620333846,float64,9
20260119_024933,DAYS_LAST_PHONE_CHANGE,1,3.251958492001808e-06,float64,3773
20260119_024933,FLAG_DOCUMENT_2,0,0.0,int64,2
20260119_024933,FLAG_DOCUMENT_3,0,0.0,int64,2
20260119_024933,FLAG_DOCUMENT_4,0,0.0,int64,2
20260119_024933,FLAG_DOCUMENT_5,0,0.0,int64,2
20260119_024933,FLAG_DOCUMENT_6,0,0.0,int64,2
20260119_024933,FLAG_DOCUMENT_7,0,0.0,int64,2
20260119_024933,FLAG_DOCUMENT_8,0,0.0,int64,2
20260119_024933,FLAG_DOCUMENT_9,0,0.0,int64,2
20260119_024933,FLAG_DOCUMENT_10,0,0.0,int64,2
20260119_024933,FLAG_DOCUMENT_11,0,0.0,int64,2
20260119_024933,FLAG_DOCUMENT_12,0,0.0,int64,2
20260119_024933,FLAG_DOCUMENT_13,0,0.0,int64,2
20260119_024933,FLAG_DOCUMENT_14,0,0.0,int64,2
20260119_024933,FLAG_DOCUMENT_15,0,0.0,int64,2
20260119_024933,FLAG_DOCUMENT_16,0,0.0,int64,2
20260119_024933,FLAG_DOCUMENT_17,0,0.0,int64,2
20260119_024933,FLAG_DOCUMENT_18,0,0.0,int64,2
20260119_024933,FLAG_DOCUMENT_19,0,0.0,int64,2
20260119_024933,FLAG_DOCUMENT_20,0,0.0,int64,2
20260119_024933,FLAG_DOCUMENT_21,0,0.0,int64,2
20260119_024933,AMT_REQ_CREDIT_BUREAU_HOUR,41519,0.13501806462942306,float64,5
20260119_024933,AMT_REQ_CREDIT_BUREAU_DAY,41519,0.13501806462942306,float64,9
20260119_024933,AMT_REQ_CREDIT_BUREAU_WEEK,41519,0.13501806462942306,float64,9
20260119_024933,AMT_REQ_CREDIT_BUREAU_MON,41519,0.13501806462942306,float64,24
20260119_024933,AMT_REQ_CREDIT_BUREAU_QRT,41519,0.13501806462942306,float64,11
20260119_024933,AMT_REQ_CREDIT_BUREAU_YEAR,41519,0.13501806462942306,float64,25
20260119_024933,NAME_CONTRACT_TYPE_Cash_loans,0,0.0,bool,2
20260119_024933,NAME_CONTRACT_TYPE_Revolving_loans,0,0.0,bool,2
20260119_024933,NAME_TYPE_SUITE_Children,0,0.0,bool,2
20260119_024933,NAME_TYPE_SUITE_Family,0,0.0,bool,2
20260119_024933,NAME_TYPE_SUITE_Group_of_people,0,0.0,bool,2
20260119_024933,NAME_TYPE_SUITE_Other_A,0,0.0,bool,2
20260119_024933,NAME_TYPE_SUITE_Other_B,0,0.0,bool,2
20260119_024933,NAME_TYPE_SUITE_Spouse_partner,0,0.0,bool,2
20260119_024933,NAME_TYPE_SUITE_Unaccompanied,0,0.0,bool,2
20260119_024933,NAME_INCOME_TYPE_Businessman,0,0.0,bool,2
20260119_024933,NAME_INCOME_TYPE_Commercial_associate,0,0.0,bool,2
20260119_024933,NAME_INCOME_TYPE_Maternity_leave,0,0.0,bool,2
20260119_024933,NAME_INCOME_TYPE_Pensioner,0,0.0,bool,2
20260119_024933,NAME_INCOME_TYPE_State_servant,0,0.0,bool,2
20260119_024933,NAME_INCOME_TYPE_Student,0,0.0,bool,2
20260119_024933,NAME_INCOME_TYPE_Unemployed,0,0.0,bool,2
20260119_024933,NAME_INCOME_TYPE_Working,0,0.0,bool,2
20260119_024933,NAME_EDUCATION_TYPE_Academic_degree,0,0.0,bool,2
20260119_024933,NAME_EDUCATION_TYPE_Higher_education,0,0.0,bool,2
20260119_024933,NAME_EDUCATION_TYPE_Incomplete_higher,0,0.0,bool,2
20260119_024933,NAME_EDUCATION_TYPE_Lower_secondary,0,0.0,bool,2
20260119_024933,NAME_EDUCATION_TYPE_Secondary_secondary_special,0,0.0,bool,2
20260119_024933,NAME_FAMILY_STATUS_Civil_marriage,0,0.0,bool,2
20260119_024933,NAME_FAMILY_STATUS_Married,0,0.0,bool,2
20260119_024933,NAME_FAMILY_STATUS_Separated,0,0.0,bool,2
20260119_024933,NAME_FAMILY_STATUS_Single_not_married,0,0.0,bool,2
20260119_024933,NAME_FAMILY_STATUS_Unknown,0,0.0,bool,2
20260119_024933,NAME_FAMILY_STATUS_Widow,0,0.0,bool,2
20260119_024933,NAME_HOUSING_TYPE_Co_op_apartment,0,0.0,bool,2
20260119_024933,NAME_HOUSING_TYPE_House_apartment,0,0.0,bool,2
20260119_024933,NAME_HOUSING_TYPE_Municipal_apartment,0,0.0,bool,2
20260119_024933,NAME_HOUSING_TYPE_Office_apartment,0,0.0,bool,2
20260119_024933,NAME_HOUSING_TYPE_Rented_apartment,0,0.0,bool,2
20260119_024933,NAME_HOUSING_TYPE_With_parents,0,0.0,bool,2
20260119_024933,OCCUPATION_TYPE_Accountants,0,0.0,bool,2
20260119_024933,OCCUPATION_TYPE_Cleaning_staff,0,0.0,bool,2
20260119_024933,OCCUPATION_TYPE_Cooking_staff,0,0.0,bool,2
20260119_024933,OCCUPATION_TYPE_Core_staff,0,0.0,bool,2
20260119_024933,OCCUPATION_TYPE_Drivers,0,0.0,bool,2
20260119_024933,OCCUPATION_TYPE_HR_staff,0,0.0,bool,2
20260119_024933,OCCUPATION_TYPE_High_skill_tech_staff,0,0.0,bool,2
20260119_024933,OCCUPATION_TYPE_IT_staff,0,0.0,bool,2
20260119_024933,OCCUPATION_TYPE_Laborers,0,0.0,bool,2
20260119_024933,OCCUPATION_TYPE_Low_skill_Laborers,0,0.0,bool,2
20260119_024933,OCCUPATION_TYPE_Managers,0,0.0,bool,2
20260119_024933,OCCUPATION_TYPE_Medicine_staff,0,0.0,bool,2
20260119_024933,OCCUPATION_TYPE_Private_service_staff,0,0.0,bool,2
20260119_024933,OCCUPATION_TYPE_Realty_agents,0,0.0,bool,2
20260119_024933,OCCUPATION_TYPE_Sales_staff,0,0.0,bool,2
20260119_024933,OCCUPATION_TYPE_Secretaries,0,0.0,bool,2
20260119_024933,OCCUPATION_TYPE_Security_staff,0,0.0,bool,2
20260119_024933,OCCUPATION_TYPE_Waiters_barmen_staff,0,0.0,bool,2
20260119_024933,WEEKDAY_APPR_PROCESS_START_FRIDAY,0,0.0,bool,2
20260119_024933,WEEKDAY_APPR_PROCESS_START_MONDAY,0,0.0,bool,2
20260119_024933,WEEKDAY_APPR_PROCESS_START_SATURDAY,0,0.0,bool,2
20260119_024933,WEEKDAY_APPR_PROCESS_START_SUNDAY,0,0.0,bool,2
20260119_024933,WEEKDAY_APPR_PROCESS_START_THURSDAY,0,0.0,bool,2
20260119_024933,WEEKDAY_APPR_PROCESS_START_TUESDAY,0,0.0,bool,2
20260119_024933,WEEKDAY_APPR_PROCESS_START_WEDNESDAY,0,0.0,bool,2
20260119_024933,ORGANIZATION_TYPE_Advertising,0,0.0,bool,2
20260119_024933,ORGANIZATION_TYPE_Agriculture,0,0.0,bool,2
20260119_024933,ORGANIZATION_TYPE_Bank,0,0.0,bool,2
20260119_024933,ORGANIZATION_TYPE_Business_Entity_Type_1,0,0.0,bool,2
20260119_024933,ORGANIZATION_TYPE_Business_Entity_Type_2,0,0.0,bool,2
20260119_024933,ORGANIZATION_TYPE_Business_Entity_Type_3,0,0.0,bool,2
20260119_024933,ORGANIZATION_TYPE_Cleaning,0,0.0,bool,2
20260119_024933,ORGANIZATION_TYPE_Construction,0,0.0,bool,2
20260119_024933,ORGANIZATION_TYPE_Culture,0,0.0,bool,2
20260119_024933,ORGANIZATION_TYPE_Electricity,0,0.0,bool,2
20260119_024933,ORGANIZATION_TYPE_Emergency,0,0.0,bool,2
20260119_024933,ORGANIZATION_TYPE_Government,0,0.0,bool,2
20260119_024933,ORGANIZATION_TYPE_Hotel,0,0.0,bool,2
20260119_024933,ORGANIZATION_TYPE_Housing,0,0.0,bool,2
20260119_024933,ORGANIZATION_TYPE_Industry_type_1,0,0.0,bool,2
20260119_024933,ORGANIZATION_TYPE_Industry_type_10,0,0.0,bool,2
20260119_024933,ORGANIZATION_TYPE_Industry_type_11,0,0.0,bool,2
20260119_024933,ORGANIZATION_TYPE_Industry_type_12,0,0.0,bool,2
20260119_024933,ORGANIZATION_TYPE_Industry_type_13,0,0.0,bool,2
20260119_024933,ORGANIZATION_TYPE_Industry_type_2,0,0.0,bool,2
20260119_024933,ORGANIZATION_TYPE_Industry_type_3,0,0.0,bool,2
20260119_024933,ORGANIZATION_TYPE_Industry_type_4,0,0.0,bool,2
20260119_024933,ORGANIZATION_TYPE_Industry_type_5,0,0.0,bool,2
20260119_024933,ORGANIZATION_TYPE_Industry_type_6,0,0.0,bool,2
20260119_024933,ORGANIZATION_TYPE_Industry_type_7,0,0.0,bool,2
20260119_024933,ORGANIZATION_TYPE_Industry_type_8,0,0.0,bool,2
20260119_024933,ORGANIZATION_TYPE_Industry_type_9,0,0.0,bool,2
20260119_024933,ORGANIZATION_TYPE_Insurance,0,0.0,bool,2
20260119_024933,ORGANIZATION_TYPE_Kindergarten,0,0.0,bool,2
20260119_024933,ORGANIZATION_TYPE_Legal_Services,0,0.0,bool,2
20260119_024933,ORGANIZATION_TYPE_Medicine,0,0.0,bool,2
20260119_024933,ORGANIZATION_TYPE_Military,0,0.0,bool,2
20260119_024933,ORGANIZATION_TYPE_Mobile,0,0.0,bool,2
20260119_024933,ORGANIZATION_TYPE_Other,0,0.0,bool,2
20260119_024933,ORGANIZATION_TYPE_Police,0,0.0,bool,2
20260119_024933,ORGANIZATION_TYPE_Postal,0,0.0,bool,2
20260119_024933,ORGANIZATION_TYPE_Realtor,0,0.0,bool,2
20260119_024933,ORGANIZATION_TYPE_Religion,0,0.0,bool,2
20260119_024933,ORGANIZATION_TYPE_Restaurant,0,0.0,bool,2
20260119_024933,ORGANIZATION_TYPE_School,0,0.0,bool,2
20260119_024933,ORGANIZATION_TYPE_Security,0,0.0,bool,2
20260119_024933,ORGANIZATION_TYPE_Security_Ministries,0,0.0,bool,2
20260119_024933,ORGANIZATION_TYPE_Self_employed,0,0.0,bool,2
20260119_024933,ORGANIZATION_TYPE_Services,0,0.0,bool,2
20260119_024933,ORGANIZATION_TYPE_Telecom,0,0.0,bool,2
20260119_024933,ORGANIZATION_TYPE_Trade_type_1,0,0.0,bool,2
20260119_024933,ORGANIZATION_TYPE_Trade_type_2,0,0.0,bool,2
20260119_024933,ORGANIZATION_TYPE_Trade_type_3,0,0.0,bool,2
20260119_024933,ORGANIZATION_TYPE_Trade_type_4,0,0.0,bool,2
20260119_024933,ORGANIZATION_TYPE_Trade_type_5,0,0.0,bool,2
20260119_024933,ORGANIZATION_TYPE_Trade_type_6,0,0.0,bool,2
20260119_024933,ORGANIZATION_TYPE_Trade_type_7,0,0.0,bool,2
20260119_024933,ORGANIZATION_TYPE_Transport_type_1,0,0.0,bool,2
20260119_024933,ORGANIZATION_TYPE_Transport_type_2,0,0.0,bool,2
20260119_024933,ORGANIZATION_TYPE_Transport_type_3,0,0.0,bool,2
20260119_024933,ORGANIZATION_TYPE_Transport_type_4,0,0.0,bool,2
20260119_024933,ORGANIZATION_TYPE_University,0,0.0,bool,2
20260119_024933,ORGANIZATION_TYPE_XNA,0,0.0,bool,2
20260119_024933,FONDKAPREMONT_MODE_not_specified,0,0.0,bool,2
20260119_024933,FONDKAPREMONT_MODE_org_spec_account,0,0.0,bool,2
20260119_024933,FONDKAPREMONT_MODE_reg_oper_account,0,0.0,bool,2
20260119_024933,FONDKAPREMONT_MODE_reg_oper_spec_account,0,0.0,bool,2
20260119_024933,HOUSETYPE_MODE_block_of_flats,0,0.0,bool,2
20260119_024933,HOUSETYPE_MODE_specific_housing,0,0.0,bool,2
20260119_024933,HOUSETYPE_MODE_terraced_house,0,0.0,bool,2
20260119_024933,WALLSMATERIAL_MODE_Block,0,0.0,bool,2
20260119_024933,WALLSMATERIAL_MODE_Mixed,0,0.0,bool,2
20260119_024933,WALLSMATERIAL_MODE_Monolithic,0,0.0,bool,2
20260119_024933,WALLSMATERIAL_MODE_Others,0,0.0,bool,2
20260119_024933,WALLSMATERIAL_MODE_Panel,0,0.0,bool,2
20260119_024933,WALLSMATERIAL_MODE_Stone_brick,0,0.0,bool,2
20260119_024933,WALLSMATERIAL_MODE_Wooden,0,0.0,bool,2
20260119_024933,EMERGENCYSTATE_MODE_No,0,0.0,bool,2
20260119_024933,EMERGENCYSTATE_MODE_Yes,0,0.0,bool,2
20260119_024933,DAYS_EMPLOYED_PERC,55374,0.1800739495361081,float64,249430
20260119_024933,INCOME_CREDIT_PERC,0,0.0,float64,48696
20260119_024933,INCOME_PER_PERSON,2,6.503916984003616e-06,float64,3064
20260119_024933,ANNUITY_INCOME_PERC,12,3.9023501904021696e-05,float64,88811
20260119_024933,PAYMENT_RATE,12,3.9023501904021696e-05,float64,39539
20260119_024933,BURO_DAYS_CREDIT_MIN,44020,0.1431512128179196,float64,2922
20260119_024933,BURO_DAYS_CREDIT_MAX,44020,0.1431512128179196,float64,2923
20260119_024933,BURO_DAYS_CREDIT_MEAN,44020,0.1431512128179196,float64,64555
20260119_024933,BURO_DAYS_CREDIT_VAR,80092,0.2604558595414088,float64,190415
20260119_024933,BURO_DAYS_CREDIT_ENDDATE_MIN,46269,0.15046486746643165,float64,6828
20260119_024933,BURO_DAYS_CREDIT_ENDDATE_MAX,46269,0.15046486746643165,float64,13030
20260119_024933,BURO_DAYS_CREDIT_ENDDATE_MEAN,46269,0.15046486746643165,float64,97903
20260119_024933,BURO_DAYS_CREDIT_UPDATE_MEAN,44020,0.1431512128179196,float64,55038
20260119_024933,BURO_CREDIT_DAY_OVERDUE_MAX,44020,0.1431512128179196,float64,868
20260119_024933,BURO_CREDIT_DAY_OVERDUE_MEAN,44020,0.1431512128179196,float64,1540
20260119_024933,BURO_AMT_CREDIT_MAX_OVERDUE_MEAN,123625,0.4020233685737235,float64,55315
20260119_024933,BURO_AMT_CREDIT_SUM_MAX,44021,0.14315446477641158,float64,65160
20260119_024933,BURO_AMT_CREDIT_SUM_MEAN,44021,0.14315446477641158,float64,209600
20260119_024933,BURO_AMT_CREDIT_SUM_SUM,44020,0.1431512128179196,float64,205640
20260119_024933,BURO_AMT_CREDIT_SUM_DEBT_MAX,51380,0.1670856273190529,float64,138942
20260119_024933,BURO_AMT_CREDIT_SUM_DEBT_MEAN,51380,0.1670856273190529,float64,169330
20260119_024933,BURO_AMT_CREDIT_SUM_DEBT_SUM,44020,0.1431512128179196,float64,155001
20260119_024933,BURO_AMT_CREDIT_SUM_OVERDUE_MEAN,44020,0.1431512128179196,float64,1872
20260119_024933,BURO_AMT_CREDIT_SUM_LIMIT_MEAN,65069,0.21160168711606564,float64,38950
20260119_024933,BURO_AMT_CREDIT_SUM_LIMIT_SUM,44020,0.1431512128179196,float64,37290
20260119_024933,BURO_AMT_ANNUITY_MAX,227498,0.7398140530134273,float64,23582
20260119_024933,BURO_AMT_ANNUITY_MEAN,227498,0.7398140530134273,float64,40578
20260119_024933,BURO_CNT_CREDIT_PROLONG_SUM,44020,0.1431512128179196,float64,10
20260119_024933,BURO_MONTHS_BALANCE_MIN_MIN,215276,0.7000686163241813,float64,97
20260119_024933,BURO_MONTHS_BALANCE_MAX_MAX,215276,0.7000686163241813,float64,91
20260119_024933,BURO_MONTHS_BALANCE_SIZE_MEAN,215276,0.7000686163241813,float64,5673
20260119_024933,BURO_MONTHS_BALANCE_SIZE_SUM,44020,0.1431512128179196,float64,1102
20260119_024933,BURO_CREDIT_ACTIVE_Active_MEAN,44020,0.1431512128179196,float64,296
20260119_024933,BURO_CREDIT_ACTIVE_Bad_debt_MEAN,44020,0.1431512128179196,float64,15
20260119_024933,BURO_CREDIT_ACTIVE_Closed_MEAN,44020,0.1431512128179196,float64,304
20260119_024933,BURO_CREDIT_ACTIVE_Sold_MEAN,44020,0.1431512128179196,float64,70
20260119_024933,BURO_CREDIT_ACTIVE_nan_MEAN,44020,0.1431512128179196,float64,1
20260119_024933,BURO_CREDIT_CURRENCY_currency_1_MEAN,44020,0.1431512128179196,float64,57
20260119_024933,BURO_CREDIT_CURRENCY_currency_2_MEAN,44020,0.1431512128179196,float64,55
20260119_024933,BURO_CREDIT_CURRENCY_currency_3_MEAN,44020,0.1431512128179196,float64,33
20260119_024933,BURO_CREDIT_CURRENCY_currency_4_MEAN,44020,0.1431512128179196,float64,7
20260119_024933,BURO_CREDIT_CURRENCY_nan_MEAN,44020,0.1431512128179196,float64,1
20260119_024933,BURO_CREDIT_TYPE_Another_type_of_loan_MEAN,44020,0.1431512128179196,float64,38
20260119_024933,BURO_CREDIT_TYPE_Car_loan_MEAN,44020,0.1431512128179196,float64,102
20260119_024933,BURO_CREDIT_TYPE_Cash_loan_non_earmarked__MEAN,44020,0.1431512128179196,float64,16
20260119_024933,BURO_CREDIT_TYPE_Consumer_credit_MEAN,44020,0.1431512128179196,float64,329
20260119_024933,BURO_CREDIT_TYPE_Credit_card_MEAN,44020,0.1431512128179196,float64,295
20260119_024933,BURO_CREDIT_TYPE_Interbank_credit_MEAN,44020,0.1431512128179196,float64,2
20260119_024933,BURO_CREDIT_TYPE_Loan_for_business_development_MEAN,44020,0.1431512128179196,float64,57
20260119_024933,BURO_CREDIT_TYPE_Loan_for_purchase_of_shares_margin_lending__MEAN,44020,0.1431512128179196,float64,4
20260119_024933,BURO_CREDIT_TYPE_Loan_for_the_purchase_of_equipment_MEAN,44020,0.1431512128179196,float64,14
20260119_024933,BURO_CREDIT_TYPE_Loan_for_working_capital_replenishment_MEAN,44020,0.1431512128179196,float64,43
20260119_024933,BURO_CREDIT_TYPE_Microloan_MEAN,44020,0.1431512128179196,float64,194
20260119_024933,BURO_CREDIT_TYPE_Mobile_operator_loan_MEAN,44020,0.1431512128179196,float64,2
20260119_024933,BURO_CREDIT_TYPE_Mortgage_MEAN,44020,0.1431512128179196,float64,75
20260119_024933,BURO_CREDIT_TYPE_Real_estate_loan_MEAN,44020,0.1431512128179196,float64,12
20260119_024933,BURO_CREDIT_TYPE_Unknown_type_of_loan_MEAN,44020,0.1431512128179196,float64,42
20260119_024933,BURO_CREDIT_TYPE_nan_MEAN,44020,0.1431512128179196,float64,1
20260119_024933,BURO_STATUS_0_MEAN_MEAN,215276,0.7000686163241813,float64,60712
20260119_024933,BURO_STATUS_1_MEAN_MEAN,215276,0.7000686163241813,float64,13641
20260119_024933,BURO_STATUS_2_MEAN_MEAN,215276,0.7000686163241813,float64,2856
20260119_024933,BURO_STATUS_3_MEAN_MEAN,215276,0.7000686163241813,float64,1504
20260119_024933,BURO_STATUS_4_MEAN_MEAN,215276,0.7000686163241813,float64,1163
20260119_024933,BURO_STATUS_5_MEAN_MEAN,215276,0.7000686163241813,float64,1681
20260119_024933,BURO_STATUS_C_MEAN_MEAN,215276,0.7000686163241813,float64,51205
20260119_024933,BURO_STATUS_X_MEAN_MEAN,215276,0.7000686163241813,float64,41962
20260119_024933,BURO_STATUS_nan_MEAN_MEAN,215276,0.7000686163241813,float64,1
20260119_024933,ACTIVE_DAYS_CREDIT_MIN,90361,0.29385022129577537,float64,2922
20260119_024933,ACTIVE_DAYS_CREDIT_MAX,90361,0.29385022129577537,float64,2907
20260119_024933,ACTIVE_DAYS_CREDIT_MEAN,90361,0.29385022129577537,float64,20978
20260119_024933,ACTIVE_DAYS_CREDIT_VAR,164464,0.5348301014285853,float64,81495
20260119_024933,ACTIVE_DAYS_CREDIT_ENDDATE_MIN,99324,0.3229975252595876,float64,9054
20260119_024933,ACTIVE_DAYS_CREDIT_ENDDATE_MAX,99324,0.3229975252595876,float64,12287
20260119_024933,ACTIVE_DAYS_CREDIT_ENDDATE_MEAN,99324,0.3229975252595876,float64,46405
20260119_024933,ACTIVE_DAYS_CREDIT_UPDATE_MEAN,90361,0.29385022129577537,float64,12999
20260119_024933,ACTIVE_CREDIT_DAY_OVERDUE_MAX,90361,0.29385022129577537,float64,761
20260119_024933,ACTIVE_CREDIT_DAY_OVERDUE_MEAN,90361,0.29385022129577537,float64,1141
20260119_024933,ACTIVE_AMT_CREDIT_MAX_OVERDUE_MEAN,191470,0.6226524924635862,float64,24484
20260119_024933,ACTIVE_AMT_CREDIT_SUM_MAX,90362,0.29385347325426736,float64,44488
20260119_024933,ACTIVE_AMT_CREDIT_SUM_MEAN,90362,0.29385347325426736,float64,99483
20260119_024933,ACTIVE_AMT_CREDIT_SUM_SUM,90361,0.29385022129577537,float64,95920
20260119_024933,ACTIVE_AMT_CREDIT_SUM_DEBT_MAX,100997,0.3284380518167066,float64,138481
20260119_024933,ACTIVE_AMT_CREDIT_SUM_DEBT_MEAN,100997,0.3284380518167066,float64,158600
20260119_024933,ACTIVE_AMT_CREDIT_SUM_DEBT_SUM,90361,0.29385022129577537,float64,153497
20260119_024933,ACTIVE_AMT_CREDIT_SUM_OVERDUE_MEAN,90361,0.29385022129577537,float64,1558
20260119_024933,ACTIVE_AMT_CREDIT_SUM_LIMIT_MEAN,118783,0.38627738555545077,float64,36949
20260119_024933,ACTIVE_AMT_CREDIT_SUM_LIMIT_SUM,90361,0.29385022129577537,float64,36046
20260119_024933,ACTIVE_AMT_ANNUITY_MAX,246161,0.8005053543496571,float64,19214
20260119_024933,ACTIVE_AMT_ANNUITY_MEAN,246161,0.8005053543496571,float64,26843
20260119_024933,ACTIVE_CNT_CREDIT_PROLONG_SUM,90361,0.29385022129577537,float64,10
20260119_024933,ACTIVE_MONTHS_BALANCE_MIN_MIN,230988,0.7511633881505136,float64,97
20260119_024933,ACTIVE_MONTHS_BALANCE_MAX_MAX,230988,0.7511633881505136,float64,92
20260119_024933,ACTIVE_MONTHS_BALANCE_SIZE_MEAN,230988,0.7511633881505136,float64,1351
20260119_024933,ACTIVE_MONTHS_BALANCE_SIZE_SUM,90361,0.29385022129577537,float64,379
20260119_024933,CLOSED_DAYS_CREDIT_MIN,77346,0.2515259815223718,float64,2912
20260119_024933,CLOSED_DAYS_CREDIT_MAX,77346,0.2515259815223718,float64,2921
20260119_024933,CLOSED_DAYS_CREDIT_MEAN,77346,0.2515259815223718,float64,44872
20260119_024933,CLOSED_DAYS_CREDIT_VAR,130851,0.42552202063692857,float64,132517
20260119_024933,CLOSED_DAYS_CREDIT_ENDDATE_MIN,78868,0.2564754623471986,float64,5566
20260119_024933,CLOSED_DAYS_CREDIT_ENDDATE_MAX,78868,0.2564754623471986,float64,9563
20260119_024933,CLOSED_DAYS_CREDIT_ENDDATE_MEAN,78868,0.2564754623471986,float64,55928
20260119_024933,CLOSED_DAYS_CREDIT_UPDATE_MEAN,77346,0.2515259815223718,float64,40089
20260119_024933,CLOSED_CREDIT_DAY_OVERDUE_MAX,77346,0.2515259815223718,float64,69
20260119_024933,CLOSED_CREDIT_DAY_OVERDUE_MEAN,77346,0.2515259815223718,float64,70
20260119_024933,CLOSED_AMT_CREDIT_MAX_OVERDUE_MEAN,160970,0.523467758457531,float64,38334
20260119_024933,CLOSED_AMT_CREDIT_SUM_MAX,77346,0.2515259815223718,float64,69096
20260119_024933,CLOSED_AMT_CREDIT_SUM_MEAN,77346,0.2515259815223718,float64,171557
20260119_024933,CLOSED_AMT_CREDIT_SUM_SUM,77346,0.2515259815223718,float64,168808
20260119_024933,CLOSED_AMT_CREDIT_SUM_DEBT_MAX,89178,0.29000315439973723,float64,4761
20260119_024933,CLOSED_AMT_CREDIT_SUM_DEBT_MEAN,89178,0.29000315439973723,float64,6343
20260119_024933,CLOSED_AMT_CREDIT_SUM_DEBT_SUM,77346,0.2515259815223718,float64,6087
20260119_024933,CLOSED_AMT_CREDIT_SUM_OVERDUE_MEAN,77346,0.2515259815223718,float64,107
20260119_024933,CLOSED_AMT_CREDIT_SUM_LIMIT_MEAN,108539,0.35296432276338424,float64,2568
20260119_024933,CLOSED_AMT_CREDIT_SUM_LIMIT_SUM,77346,0.2515259815223718,float64,2422
20260119_024933,CLOSED_AMT_ANNUITY_MAX,241498,0.7853414719014526,float64,17576
20260119_024933,CLOSED_AMT_ANNUITY_MEAN,241498,0.7853414719014526,float64,25564
20260119_024933,CLOSED_CNT_CREDIT_PROLONG_SUM,77346,0.2515259815223718,float64,7
20260119_024933,CLOSED_MONTHS_BALANCE_MIN_MIN,226772,0.7374531311482341,float64,97
20260119_024933,CLOSED_MONTHS_BALANCE_MAX_MAX,226772,0.7374531311482341,float64,95
20260119_024933,CLOSED_MONTHS_BALANCE_SIZE_MEAN,226772,0.7374531311482341,float64,4049
20260119_024933,CLOSED_MONTHS_BALANCE_SIZE_SUM,77346,0.2515259815223718,float64,975
20260119_024933,PREV_AMT_ANNUITY_MIN,16871,0.0548637917185625,float64,145161
20260119_024933,PREV_AMT_ANNUITY_MAX,16871,0.0548637917185625,float64,145949
20260119_024933,PREV_AMT_ANNUITY_MEAN,16871,0.0548637917185625,float64,268974
20260119_024933,PREV_AMT_APPLICATION_MIN,16454,0.05350772502739775,float64,36289
20260119_024933,PREV_AMT_APPLICATION_MAX,16454,0.05350772502739775,float64,48662
20260119_024933,PREV_AMT_APPLICATION_MEAN,16454,0.05350772502739775,float64,191767
20260119_024933,PREV_AMT_CREDIT_MIN,16454,0.05350772502739775,float64,38544
20260119_024933,PREV_AMT_CREDIT_MAX,16454,0.05350772502739775,float64,58510
20260119_024933,PREV_AMT_CREDIT_MEAN,16454,0.05350772502739775,float64,210630
20260119_024933,PREV_APP_CREDIT_PERC_MIN,16681,0.05424591960508216,float64,94894
20260119_024933,PREV_APP_CREDIT_PERC_MAX,16681,0.05424591960508216,float64,141284
20260119_024933,PREV_APP_CREDIT_PERC_MEAN,16682,0.054249171563574165,float64,247320
20260119_024933,PREV_APP_CREDIT_PERC_VAR,78051,0.25381861225923313,float64,213134
20260119_024933,PREV_AMT_DOWN_PAYMENT_MIN,33906,0.1102609046298133,float64,12334
20260119_024933,PREV_AMT_DOWN_PAYMENT_MAX,33906,0.1102609046298133,float64,21520
20260119_024933,PREV_AMT_DOWN_PAYMENT_MEAN,33906,0.1102609046298133,float64,54126
20260119_024933,PREV_AMT_GOODS_PRICE_MIN,17429,0.05667838455709951,float64,47005
20260119_024933,PREV_AMT_GOODS_PRICE_MAX,17429,0.05667838455709951,float64,48658
20260119_024933,PREV_AMT_GOODS_PRICE_MEAN,17429,0.05667838455709951,float64,185846
20260119_024933,PREV_HOUR_APPR_PROCESS_START_MIN,16454,0.05350772502739775,float64,24
20260119_024933,PREV_HOUR_APPR_PROCESS_START_MAX,16454,0.05350772502739775,float64,24
20260119_024933,PREV_HOUR_APPR_PROCESS_START_MEAN,16454,0.05350772502739775,float64,2558
20260119_024933,PREV_RATE_DOWN_PAYMENT_MIN,33906,0.1102609046298133,float64,64767
20260119_024933,PREV_RATE_DOWN_PAYMENT_MAX,33906,0.1102609046298133,float64,118253
20260119_024933,PREV_RATE_DOWN_PAYMENT_MEAN,33906,0.1102609046298133,float64,166778
20260119_024933,PREV_DAYS_DECISION_MIN,16454,0.05350772502739775,float64,2921
20260119_024933,PREV_DAYS_DECISION_MAX,16454,0.05350772502739775,float64,2922
20260119_024933,PREV_DAYS_DECISION_MEAN,16454,0.05350772502739775,float64,60027
20260119_024933,PREV_CNT_PAYMENT_MEAN,16869,0.0548572878015785,float64,2838
20260119_024933,PREV_CNT_PAYMENT_SUM,16454,0.05350772502739775,float64,727
20260119_024933,PREV_NAME_CONTRACT_TYPE_Cash_loans_MEAN,16454,0.05350772502739775,float64,407
20260119_024933,PREV_NAME_CONTRACT_TYPE_Consumer_loans_MEAN,16454,0.05350772502739775,float64,377
20260119_024933,PREV_NAME_CONTRACT_TYPE_Revolving_loans_MEAN,16454,0.05350772502739775,float64,278
20260119_024933,PREV_NAME_CONTRACT_TYPE_XNA_MEAN,16454,0.05350772502739775,float64,40
20260119_024933,PREV_NAME_CONTRACT_TYPE_nan_MEAN,16454,0.05350772502739775,float64,1
20260119_024933,PREV_WEEKDAY_APPR_PROCESS_START_FRIDAY_MEAN,16454,0.05350772502739775,float64,313
20260119_024933,PREV_WEEKDAY_APPR_PROCESS_START_MONDAY_MEAN,16454,0.05350772502739775,float64,304
20260119_024933,PREV_WEEKDAY_APPR_PROCESS_START_SATURDAY_MEAN,16454,0.05350772502739775,float64,301
20260119_024933,PREV_WEEKDAY_APPR_PROCESS_START_SUNDAY_MEAN,16454,0.05350772502739775,float64,259
20260119_024933,PREV_WEEKDAY_APPR_PROCESS_START_THURSDAY_MEAN,16454,0.05350772502739775,float64,319
20260119_024933,PREV_WEEKDAY_APPR_PROCESS_START_TUESDAY_MEAN,16454,0.05350772502739775,float64,316
20260119_024933,PREV_WEEKDAY_APPR_PROCESS_START_WEDNESDAY_MEAN,16454,0.05350772502739775,float64,316
20260119_024933,PREV_WEEKDAY_APPR_PROCESS_START_nan_MEAN,16454,0.05350772502739775,float64,1
20260119_024933,PREV_FLAG_LAST_APPL_PER_CONTRACT_N_MEAN,16454,0.05350772502739775,float64,135
20260119_024933,PREV_FLAG_LAST_APPL_PER_CONTRACT_Y_MEAN,16454,0.05350772502739775,float64,135
20260119_024933,PREV_FLAG_LAST_APPL_PER_CONTRACT_nan_MEAN,16454,0.05350772502739775,float64,1
20260119_024933,PREV_NAME_CASH_LOAN_PURPOSE_Building_a_house_or_an_annex_MEAN,16454,0.05350772502739775,float64,98
20260119_024933,PREV_NAME_CASH_LOAN_PURPOSE_Business_development_MEAN,16454,0.05350772502739775,float64,48
20260119_024933,PREV_NAME_CASH_LOAN_PURPOSE_Buying_a_garage_MEAN,16454,0.05350772502739775,float64,34
20260119_024933,PREV_NAME_CASH_LOAN_PURPOSE_Buying_a_holiday_home_land_MEAN,16454,0.05350772502739775,float64,52
20260119_024933,PREV_NAME_CASH_LOAN_PURPOSE_Buying_a_home_MEAN,16454,0.05350772502739775,float64,62
20260119_024933,PREV_NAME_CASH_LOAN_PURPOSE_Buying_a_new_car_MEAN,16454,0.05350772502739775,float64,71
20260119_024933,PREV_NAME_CASH_LOAN_PURPOSE_Buying_a_used_car_MEAN,16454,0.05350772502739775,float64,100
20260119_024933,PREV_NAME_CASH_LOAN_PURPOSE_Car_repairs_MEAN,16454,0.05350772502739775,float64,53
20260119_024933,PREV_NAME_CASH_LOAN_PURPOSE_Education_MEAN,16454,0.05350772502739775,float64,67
20260119_024933,PREV_NAME_CASH_LOAN_PURPOSE_Everyday_expenses_MEAN,16454,0.05350772502739775,float64,74
20260119_024933,PREV_NAME_CASH_LOAN_PURPOSE_Furniture_MEAN,16454,0.05350772502739775,float64,56
20260119_024933,PREV_NAME_CASH_LOAN_PURPOSE_Gasification_water_supply_MEAN,16454,0.05350772502739775,float64,42
20260119_024933,PREV_NAME_CASH_LOAN_PURPOSE_Hobby_MEAN,16454,0.05350772502739775,float64,20
20260119_024933,PREV_NAME_CASH_LOAN_PURPOSE_Journey_MEAN,16454,0.05350772502739775,float64,72
20260119_024933,PREV_NAME_CASH_LOAN_PURPOSE_Medicine_MEAN,16454,0.05350772502739775,float64,82
20260119_024933,PREV_NAME_CASH_LOAN_PURPOSE_Money_for_a_third_person_MEAN,16454,0.05350772502739775,float64,15
20260119_024933,PREV_NAME_CASH_LOAN_PURPOSE_Other_MEAN,16454,0.05350772502739775,float64,163
20260119_024933,PREV_NAME_CASH_LOAN_PURPOSE_Payments_on_other_loans_MEAN,16454,0.05350772502739775,float64,85
20260119_024933,PREV_NAME_CASH_LOAN_PURPOSE_Purchase_of_electronic_equipment_MEAN,16454,0.05350772502739775,float64,57
20260119_024933,PREV_NAME_CASH_LOAN_PURPOSE_Refusal_to_name_the_goal_MEAN,16454,0.05350772502739775,float64,7
20260119_024933,PREV_NAME_CASH_LOAN_PURPOSE_Repairs_MEAN,16454,0.05350772502739775,float64,185
20260119_024933,PREV_NAME_CASH_LOAN_PURPOSE_Urgent_needs_MEAN,16454,0.05350772502739775,float64,126
20260119_024933,PREV_NAME_CASH_LOAN_PURPOSE_Wedding_gift_holiday_MEAN,16454,0.05350772502739775,float64,57
20260119_024933,PREV_NAME_CASH_LOAN_PURPOSE_XAP_MEAN,16454,0.05350772502739775,float64,407
20260119_024933,PREV_NAME_CASH_LOAN_PURPOSE_XNA_MEAN,16454,0.05350772502739775,float64,414
20260119_024933,PREV_NAME_CASH_LOAN_PURPOSE_nan_MEAN,16454,0.05350772502739775,float64,1
20260119_024933,PREV_NAME_CONTRACT_STATUS_Approved_MEAN,16454,0.05350772502739775,float64,362
20260119_024933,PREV_NAME_CONTRACT_STATUS_Canceled_MEAN,16454,0.05350772502739775,float64,362
20260119_024933,PREV_NAME_CONTRACT_STATUS_Refused_MEAN,16454,0.05350772502739775,float64,397
20260119_024933,PREV_NAME_CONTRACT_STATUS_Unused_offer_MEAN,16454,0.05350772502739775,float64,118
20260119_024933,PREV_NAME_CONTRACT_STATUS_nan_MEAN,16454,0.05350772502739775,float64,1
20260119_024933,PREV_NAME_PAYMENT_TYPE_Cash_through_the_bank_MEAN,16454,0.05350772502739775,float64,423
20260119_024933,PREV_NAME_PAYMENT_TYPE_Cashless_from_the_account_of_the_employer_MEAN,16454,0.05350772502739775,float64,52
20260119_024933,PREV_NAME_PAYMENT_TYPE_Non_cash_from_your_account_MEAN,16454,0.05350772502739775,float64,98
20260119_024933,PREV_NAME_PAYMENT_TYPE_XNA_MEAN,16454,0.05350772502739775,float64,412
20260119_024933,PREV_NAME_PAYMENT_TYPE_nan_MEAN,16454,0.05350772502739775,float64,1
20260119_024933,PREV_CODE_REJECT_REASON_CLIENT_MEAN,16454,0.05350772502739775,float64,118
20260119_024933,PREV_CODE_REJECT_REASON_HC_MEAN,16454,0.05350772502739775,float64,388
20260119_024933,PREV_CODE_REJECT_REASON_LIMIT_MEAN,16454,0.05350772502739775,float64,244
20260119_024933,PREV_CODE_REJECT_REASON_SCO_MEAN,16454,0.05350772502739775,float64,206
20260119_024933,PREV_CODE_REJECT_REASON_SCOFR_MEAN,16454,0.05350772502739775,float64,157
20260119_024933,PREV_CODE_REJECT_REASON_SYSTEM_MEAN,16454,0.05350772502739775,float64,57
20260119_024933,PREV_CODE_REJECT_REASON_VERIF_MEAN,16454,0.05350772502739775,float64,83
20260119_024933,PREV_CODE_REJECT_REASON_XAP_MEAN,16454,0.05350772502739775,float64,394
20260119_024933,PREV_CODE_REJECT_REASON_XNA_MEAN,16454,0.05350772502739775,float64,104
20260119_024933,PREV_CODE_REJECT_REASON_nan_MEAN,16454,0.05350772502739775,float64,1
20260119_024933,PREV_NAME_TYPE_SUITE_Children_MEAN,16454,0.05350772502739775,float64,126
20260119_024933,PREV_NAME_TYPE_SUITE_Family_MEAN,16454,0.05350772502739775,float64,280
20260119_024933,PREV_NAME_TYPE_SUITE_Group_of_people_MEAN,16454,0.05350772502739775,float64,51
20260119_024933,PREV_NAME_TYPE_SUITE_Other_A_MEAN,16454,0.05350772502739775,float64,73
20260119_024933,PREV_NAME_TYPE_SUITE_Other_B_MEAN,16454,0.05350772502739775,float64,104
20260119_024933,PREV_NAME_TYPE_SUITE_Spouse_partner_MEAN,16454,0.05350772502739775,float64,166
20260119_024933,PREV_NAME_TYPE_SUITE_Unaccompanied_MEAN,16454,0.05350772502739775,float64,389
20260119_024933,PREV_NAME_TYPE_SUITE_nan_MEAN,16454,0.05350772502739775,float64,403
20260119_024933,PREV_NAME_CLIENT_TYPE_New_MEAN,16454,0.05350772502739775,float64,161
20260119_024933,PREV_NAME_CLIENT_TYPE_Refreshed_MEAN,16454,0.05350772502739775,float64,168
20260119_024933,PREV_NAME_CLIENT_TYPE_Repeater_MEAN,16454,0.05350772502739775,float64,219
20260119_024933,PREV_NAME_CLIENT_TYPE_XNA_MEAN,16454,0.05350772502739775,float64,77
20260119_024933,PREV_NAME_CLIENT_TYPE_nan_MEAN,16454,0.05350772502739775,float64,1
20260119_024933,PREV_NAME_GOODS_CATEGORY_Additional_Service_MEAN,16454,0.05350772502739775,float64,21
20260119_024933,PREV_NAME_GOODS_CATEGORY_Animals_MEAN,16454,0.05350772502739775,float64,2
20260119_024933,PREV_NAME_GOODS_CATEGORY_Audio_Video_MEAN,16454,0.05350772502739775,float64,182
20260119_024933,PREV_NAME_GOODS_CATEGORY_Auto_Accessories_MEAN,16454,0.05350772502739775,float64,84
20260119_024933,PREV_NAME_GOODS_CATEGORY_Clothing_and_Accessories_MEAN,16454,0.05350772502739775,float64,126
20260119_024933,PREV_NAME_GOODS_CATEGORY_Computers_MEAN,16454,0.05350772502739775,float64,193
20260119_024933,PREV_NAME_GOODS_CATEGORY_Construction_Materials_MEAN,16454,0.05350772502739775,float64,117
20260119_024933,PREV_NAME_GOODS_CATEGORY_Consumer_Electronics_MEAN,16454,0.05350772502739775,float64,183
20260119_024933,PREV_NAME_GOODS_CATEGORY_Direct_Sales_MEAN,16454,0.05350772502739775,float64,29
20260119_024933,PREV_NAME_GOODS_CATEGORY_Education_MEAN,16454,0.05350772502739775,float64,20
20260119_024933,PREV_NAME_GOODS_CATEGORY_Fitness_MEAN,16454,0.05350772502739775,float64,23
20260119_024933,PREV_NAME_GOODS_CATEGORY_Furniture_MEAN,16454,0.05350772502739775,float64,130
20260119_024933,PREV_NAME_GOODS_CATEGORY_Gardening_MEAN,16454,0.05350772502739775,float64,53
20260119_024933,PREV_NAME_GOODS_CATEGORY_Homewares_MEAN,16454,0.05350772502739775,float64,68
20260119_024933,PREV_NAME_GOODS_CATEGORY_House_Construction_MEAN,16454,0.05350772502739775,float64,1
20260119_024933,PREV_NAME_GOODS_CATEGORY_Insurance_MEAN,16454,0.05350772502739775,float64,20
20260119_024933,PREV_NAME_GOODS_CATEGORY_Jewelry_MEAN,16454,0.05350772502739775,float64,81
20260119_024933,PREV_NAME_GOODS_CATEGORY_Medical_Supplies_MEAN,16454,0.05350772502739775,float64,62
20260119_024933,PREV_NAME_GOODS_CATEGORY_Medicine_MEAN,16454,0.05350772502739775,float64,37
20260119_024933,PREV_NAME_GOODS_CATEGORY_Mobile_MEAN,16454,0.05350772502739775,float64,232
20260119_024933,PREV_NAME_GOODS_CATEGORY_Office_Appliances_MEAN,16454,0.05350772502739775,float64,55
20260119_024933,PREV_NAME_GOODS_CATEGORY_Other_MEAN,16454,0.05350772502739775,float64,47
20260119_024933,PREV_NAME_GOODS_CATEGORY_Photo_Cinema_Equipment_MEAN,16454,0.05350772502739775,float64,108
20260119_024933,PREV_NAME_GOODS_CATEGORY_Sport_and_Leisure_MEAN,16454,0.05350772502739775,float64,54
20260119_024933,PREV_NAME_GOODS_CATEGORY_Tourism_MEAN,16454,0.05350772502739775,float64,55
20260119_024933,PREV_NAME_GOODS_CATEGORY_Vehicles_MEAN,16454,0.05350772502739775,float64,54
20260119_024933,PREV_NAME_GOODS_CATEGORY_Weapon_MEAN,16454,0.05350772502739775,float64,20
20260119_024933,PREV_NAME_GOODS_CATEGORY_XNA_MEAN,16454,0.05350772502739775,float64,374
20260119_024933,PREV_NAME_GOODS_CATEGORY_nan_MEAN,16454,0.05350772502739775,float64,1
20260119_024933,PREV_NAME_PORTFOLIO_Cards_MEAN,16454,0.05350772502739775,float64,226
20260119_024933,PREV_NAME_PORTFOLIO_Cars_MEAN,16454,0.05350772502739775,float64,34
20260119_024933,PREV_NAME_PORTFOLIO_Cash_MEAN,16454,0.05350772502739775,float64,414
20260119_024933,PREV_NAME_PORTFOLIO_POS_MEAN,16454,0.05350772502739775,float64,364
20260119_024933,PREV_NAME_PORTFOLIO_XNA_MEAN,16454,0.05350772502739775,float64,390
20260119_024933,PREV_NAME_PORTFOLIO_nan_MEAN,16454,0.05350772502739775,float64,1
20260119_024933,PREV_NAME_PRODUCT_TYPE_XNA_MEAN,16454,0.05350772502739775,float64,421
20260119_024933,PREV_NAME_PRODUCT_TYPE_walk_in_MEAN,16454,0.05350772502739775,float64,333
20260119_024933,PREV_NAME_PRODUCT_TYPE_x_sell_MEAN,16454,0.05350772502739775,float64,394
20260119_024933,PREV_NAME_PRODUCT_TYPE_nan_MEAN,16454,0.05350772502739775,float64,1
20260119_024933,PREV_CHANNEL_TYPE_AP_Cash_loan__MEAN,16454,0.05350772502739775,float64,261
20260119_024933,PREV_CHANNEL_TYPE_Car_dealer_MEAN,16454,0.05350772502739775,float64,35
20260119_024933,PREV_CHANNEL_TYPE_Channel_of_corporate_sales_MEAN,16454,0.05350772502739775,float64,129
20260119_024933,PREV_CHANNEL_TYPE_Contact_center_MEAN,16454,0.05350772502739775,float64,222
20260119_024933,PREV_CHANNEL_TYPE_Country_wide_MEAN,16454,0.05350772502739775,float64,348
20260119_024933,PREV_CHANNEL_TYPE_Credit_and_cash_offices_MEAN,16454,0.05350772502739775,float64,414
20260119_024933,PREV_CHANNEL_TYPE_Regional_Local_MEAN,16454,0.05350772502739775,float64,201
20260119_024933,PREV_CHANNEL_TYPE_Stone_MEAN,16454,0.05350772502739775,float64,244
20260119_024933,PREV_CHANNEL_TYPE_nan_MEAN,16454,0.05350772502739775,float64,1
20260119_024933,PREV_NAME_SELLER_INDUSTRY_Auto_technology_MEAN,16454,0.05350772502739775,float64,68
20260119_024933,PREV_NAME_SELLER_INDUSTRY_Clothing_MEAN,16454,0.05350772502739775,float64,125
20260119_024933,PREV_NAME_SELLER_INDUSTRY_Connectivity_MEAN,16454,0.05350772502739775,float64,285
20260119_024933,PREV_NAME_SELLER_INDUSTRY_Construction_MEAN,16454,0.05350772502739775,float64,117
20260119_024933,PREV_NAME_SELLER_INDUSTRY_Consumer_electronics_MEAN,16454,0.05350772502739775,float64,326
20260119_024933,PREV_NAME_SELLER_INDUSTRY_Furniture_MEAN,16454,0.05350772502739775,float64,142
20260119_024933,PREV_NAME_SELLER_INDUSTRY_Industry_MEAN,16454,0.05350772502739775,float64,110
20260119_024933,PREV_NAME_SELLER_INDUSTRY_Jewelry_MEAN,16454,0.05350772502739775,float64,50
20260119_024933,PREV_NAME_SELLER_INDUSTRY_MLM_partners_MEAN,16454,0.05350772502739775,float64,60
20260119_024933,PREV_NAME_SELLER_INDUSTRY_Tourism_MEAN,16454,0.05350772502739775,float64,30
20260119_024933,PREV_NAME_SELLER_INDUSTRY_XNA_MEAN,16454,0.05350772502739775,float64,385
20260119_024933,PREV_NAME_SELLER_INDUSTRY_nan_MEAN,16454,0.05350772502739775,float64,1
20260119_024933,PREV_NAME_YIELD_GROUP_XNA_MEAN,16454,0.05350772502739775,float64,411
20260119_024933,PREV_NAME_YIELD_GROUP_high_MEAN,16454,0.05350772502739775,float64,341
20260119_024933,PREV_NAME_YIELD_GROUP_low_action_MEAN,16454,0.05350772502739775,float64,230
20260119_024933,PREV_NAME_YIELD_GROUP_low_normal_MEAN,16454,0.05350772502739775,float64,326
20260119_024933,PREV_NAME_YIELD_GROUP_middle_MEAN,16454,0.05350772502739775,float64,329
20260119_024933,PREV_NAME_YIELD_GROUP_nan_MEAN,16454,0.05350772502739775,float64,1
20260119_024933,PREV_PRODUCT_COMBINATION_Card_Street_MEAN,16454,0.05350772502739775,float64,248
20260119_024933,PREV_PRODUCT_COMBINATION_Card_X_Sell_MEAN,16454,0.05350772502739775,float64,181
20260119_024933,PREV_PRODUCT_COMBINATION_Cash_MEAN,16454,0.05350772502739775,float64,375
20260119_024933,PREV_PRODUCT_COMBINATION_Cash_Street_high_MEAN,16454,0.05350772502739775,float64,247
20260119_024933,PREV_PRODUCT_COMBINATION_Cash_Street_low_MEAN,16454,0.05350772502739775,float64,237
20260119_024933,PREV_PRODUCT_COMBINATION_Cash_Street_middle_MEAN,16454,0.05350772502739775,float64,210
20260119_024933,PREV_PRODUCT_COMBINATION_Cash_X_Sell_high_MEAN,16454,0.05350772502739775,float64,205
20260119_024933,PREV_PRODUCT_COMBINATION_Cash_X_Sell_low_MEAN,16454,0.05350772502739775,float64,284
20260119_024933,PREV_PRODUCT_COMBINATION_Cash_X_Sell_middle_MEAN,16454,0.05350772502739775,float64,263
20260119_024933,PREV_PRODUCT_COMBINATION_POS_household_with_interest_MEAN,16454,0.05350772502739775,float64,273
20260119_024933,PREV_PRODUCT_COMBINATION_POS_household_without_interest_MEAN,16454,0.05350772502739775,float64,171
20260119_024933,PREV_PRODUCT_COMBINATION_POS_industry_with_interest_MEAN,16454,0.05350772502739775,float64,179
20260119_024933,PREV_PRODUCT_COMBINATION_POS_industry_without_interest_MEAN,16454,0.05350772502739775,float64,80
20260119_024933,PREV_PRODUCT_COMBINATION_POS_mobile_with_interest_MEAN,16454,0.05350772502739775,float64,244
20260119_024933,PREV_PRODUCT_COMBINATION_POS_mobile_without_interest_MEAN,16454,0.05350772502739775,float64,102
20260119_024933,PREV_PRODUCT_COMBINATION_POS_other_with_interest_MEAN,16454,0.05350772502739775,float64,118
20260119_024933,PREV_PRODUCT_COMBINATION_POS_others_without_interest_MEAN,16454,0.05350772502739775,float64,50
20260119_024933,PREV_PRODUCT_COMBINATION_nan_MEAN,16454,0.05350772502739775,float64,40
20260119_024933,APPROVED_AMT_ANNUITY_MIN,17448,0.05674017176844755,float64,149249
20260119_024933,APPROVED_AMT_ANNUITY_MAX,17448,0.05674017176844755,float64,150768
20260119_024933,APPROVED_AMT_ANNUITY_MEAN,17448,0.05674017176844755,float64,262536
20260119_024933,APPROVED_AMT_APPLICATION_MIN,17446,0.05673366785146355,float64,45580
20260119_024933,APPROVED_AMT_APPLICATION_MAX,17446,0.05673366785146355,float64,50746
20260119_024933,APPROVED_AMT_APPLICATION_MEAN,17446,0.05673366785146355,float64,168402
20260119_024933,APPROVED_AMT_CREDIT_MIN,17446,0.05673366785146355,float64,45649
20260119_024933,APPROVED_AMT_CREDIT_MAX,17446,0.05673366785146355,float64,58928
20260119_024933,APPROVED_AMT_CREDIT_MEAN,17446,0.05673366785146355,float64,185459
20260119_024933,APPROVED_APP_CREDIT_PERC_MIN,17455,0.05676293547789156,float64,102815
20260119_024933,APPROVED_APP_CREDIT_PERC_MAX,17455,0.05676293547789156,float64,145558
20260119_024933,APPROVED_APP_CREDIT_PERC_MEAN,17455,0.05676293547789156,float64,239512
20260119_024933,APPROVED_APP_CREDIT_PERC_VAR,94266,0.3065491192070424,float64,196985
20260119_024933,APPROVED_AMT_DOWN_PAYMENT_MIN,36222,0.1177924404972895,float64,13147
20260119_024933,APPROVED_AMT_DOWN_PAYMENT_MAX,36222,0.1177924404972895,float64,20984
20260119_024933,APPROVED_AMT_DOWN_PAYMENT_MEAN,36222,0.1177924404972895,float64,48510
20260119_024933,APPROVED_AMT_GOODS_PRICE_MIN,18425,0.059917335215133316,float64,48263
20260119_024933,APPROVED_AMT_GOODS_PRICE_MAX,18425,0.059917335215133316,float64,50746
20260119_024933,APPROVED_AMT_GOODS_PRICE_MEAN,18425,0.059917335215133316,float64,166607
20260119_024933,APPROVED_HOUR_APPR_PROCESS_START_MIN,17446,0.05673366785146355,float64,24
20260119_024933,APPROVED_HOUR_APPR_PROCESS_START_MAX,17446,0.05673366785146355,float64,24
20260119_024933,APPROVED_HOUR_APPR_PROCESS_START_MEAN,17446,0.05673366785146355,float64,899
20260119_024933,APPROVED_RATE_DOWN_PAYMENT_MIN,36222,0.1177924404972895,float64,72250
20260119_024933,APPROVED_RATE_DOWN_PAYMENT_MAX,36222,0.1177924404972895,float64,116886
20260119_024933,APPROVED_RATE_DOWN_PAYMENT_MEAN,36222,0.1177924404972895,float64,161091
20260119_024933,APPROVED_DAYS_DECISION_MIN,17446,0.05673366785146355,float64,2921
20260119_024933,APPROVED_DAYS_DECISION_MAX,17446,0.05673366785146355,float64,2922
20260119_024933,APPROVED_DAYS_DECISION_MEAN,17446,0.05673366785146355,float64,34247
20260119_024933,APPROVED_CNT_PAYMENT_MEAN,17446,0.05673366785146355,float64,1342
20260119_024933,APPROVED_CNT_PAYMENT_SUM,17446,0.05673366785146355,float64,345
20260119_024933,REFUSED_AMT_ANNUITY_MIN,215941,0.7022311687213625,float64,43719
20260119_024933,REFUSED_AMT_ANNUITY_MAX,215941,0.7022311687213625,float64,43628
20260119_024933,REFUSED_AMT_ANNUITY_MEAN,215941,0.7022311687213625,float64,66267
20260119_024933,REFUSED_AMT_APPLICATION_MIN,207217,0.6738610828371386,float64,17558
20260119_024933,REFUSED_AMT_APPLICATION_MAX,207217,0.6738610828371386,float64,17300
20260119_024933,REFUSED_AMT_APPLICATION_MEAN,207217,0.6738610828371386,float64,32294
20260119_024933,REFUSED_AMT_CREDIT_MIN,207217,0.6738610828371386,float64,24217
20260119_024933,REFUSED_AMT_CREDIT_MAX,207217,0.6738610828371386,float64,24804
20260119_024933,REFUSED_AMT_CREDIT_MEAN,207217,0.6738610828371386,float64,53223
20260119_024933,REFUSED_APP_CREDIT_PERC_MIN,212147,0.6898932382027075,float64,20400
20260119_024933,REFUSED_APP_CREDIT_PERC_MAX,212147,0.6898932382027075,float64,22656
20260119_024933,REFUSED_APP_CREDIT_PERC_MEAN,212148,0.6898964901611996,float64,43019
20260119_024933,REFUSED_APP_CREDIT_PERC_VAR,258350,0.8401434764086672,float64,31695
20260119_024933,REFUSED_AMT_DOWN_PAYMENT_MIN,262339,0.8531155388332623,float64,5273
20260119_024933,REFUSED_AMT_DOWN_PAYMENT_MAX,262339,0.8531155388332623,float64,6494
20260119_024933,REFUSED_AMT_DOWN_PAYMENT_MEAN,262339,0.8531155388332623,float64,9014
20260119_024933,REFUSED_AMT_GOODS_PRICE_MIN,214278,0.6968231617491635,float64,18615
20260119_024933,REFUSED_AMT_GOODS_PRICE_MAX,214278,0.6968231617491635,float64,17298
20260119_024933,REFUSED_AMT_GOODS_PRICE_MEAN,214278,0.6968231617491635,float64,31593
20260119_024933,REFUSED_HOUR_APPR_PROCESS_START_MIN,207217,0.6738610828371386,float64,24
20260119_024933,REFUSED_HOUR_APPR_PROCESS_START_MAX,207217,0.6738610828371386,float64,24
20260119_024933,REFUSED_HOUR_APPR_PROCESS_START_MEAN,207217,0.6738610828371386,float64,988
20260119_024933,REFUSED_RATE_DOWN_PAYMENT_MIN,262339,0.8531155388332623,float64,11695
20260119_024933,REFUSED_RATE_DOWN_PAYMENT_MAX,262339,0.8531155388332623,float64,15641
20260119_024933,REFUSED_RATE_DOWN_PAYMENT_MEAN,262339,0.8531155388332623,float64,17145
20260119_024933,REFUSED_DAYS_DECISION_MIN,207217,0.6738610828371386,float64,2921
20260119_024933,REFUSED_DAYS_DECISION_MAX,207217,0.6738610828371386,float64,2921
20260119_024933,REFUSED_DAYS_DECISION_MEAN,207217,0.6738610828371386,float64,17438
20260119_024933,REFUSED_CNT_PAYMENT_MEAN,215941,0.7022311687213625,float64,1091
20260119_024933,REFUSED_CNT_PAYMENT_SUM,207217,0.6738610828371386,float64,432
20260119_024933,POS_MONTHS_BALANCE_MAX,18067,0.05875313407499667,float64,96
20260119_024933,POS_MONTHS_BALANCE_MEAN,18067,0.05875313407499667,float64,63032
20260119_024933,POS_MONTHS_BALANCE_SIZE,18067,0.05875313407499667,float64,227
20260119_024933,POS_SK_DPD_MAX,18067,0.05875313407499667,float64,1919
20260119_024933,POS_SK_DPD_MEAN,18067,0.05875313407499667,float64,10768
20260119_024933,POS_SK_DPD_DEF_MAX,18067,0.05875313407499667,float64,200
20260119_024933,POS_SK_DPD_DEF_MEAN,18067,0.05875313407499667,float64,4471
20260119_024933,POS_NAME_CONTRACT_STATUS_Active_MEAN,18067,0.05875313407499667,float64,1922
20260119_024933,POS_NAME_CONTRACT_STATUS_Amortized_debt_MEAN,18067,0.05875313407499667,float64,12
20260119_024933,POS_NAME_CONTRACT_STATUS_Approved_MEAN,18067,0.05875313407499667,float64,224
20260119_024933,POS_NAME_CONTRACT_STATUS_Canceled_MEAN,18067,0.05875313407499667,float64,12
20260119_024933,POS_NAME_CONTRACT_STATUS_Completed_MEAN,18067,0.05875313407499667,float64,1560
20260119_024933,POS_NAME_CONTRACT_STATUS_Demand_MEAN,18067,0.05875313407499667,float64,234
20260119_024933,POS_NAME_CONTRACT_STATUS_Returned_to_the_store_MEAN,18067,0.05875313407499667,float64,228
20260119_024933,POS_NAME_CONTRACT_STATUS_Signed_MEAN,18067,0.05875313407499667,float64,826
20260119_024933,POS_NAME_CONTRACT_STATUS_XNA_MEAN,18067,0.05875313407499667,float64,3
20260119_024933,POS_NAME_CONTRACT_STATUS_nan_MEAN,18067,0.05875313407499667,float64,1
20260119_024933,POS_COUNT,18067,0.05875313407499667,float64,227
20260119_024933,INSTAL_NUM_INSTALMENT_VERSION_NUNIQUE,15868,0.05160207735108469,float64,49
20260119_024933,INSTAL_DPD_MAX,15868,0.05160207735108469,float64,1642
20260119_024933,INSTAL_DPD_MEAN,15868,0.05160207735108469,float64,23571
20260119_024933,INSTAL_DPD_SUM,15868,0.05160207735108469,float64,2077
20260119_024933,INSTAL_DBD_MAX,15868,0.05160207735108469,float64,422
20260119_024933,INSTAL_DBD_MEAN,15868,0.05160207735108469,float64,57219
20260119_024933,INSTAL_DBD_SUM,15868,0.05160207735108469,float64,3223
20260119_024933,INSTAL_PAYMENT_PERC_MAX,15876,0.05162809301902071,float64,36088
20260119_024933,INSTAL_PAYMENT_PERC_MEAN,15894,0.051686628271876735,float64,42697
20260119_024933,INSTAL_PAYMENT_PERC_SUM,15886,0.051660612603940725,float64,39660
20260119_024933,INSTAL_PAYMENT_PERC_VAR,16582,0.05392397571437398,float64,144018
20260119_024933,INSTAL_PAYMENT_DIFF_MAX,15876,0.05162809301902071,float64,104952
20260119_024933,INSTAL_PAYMENT_DIFF_MEAN,15876,0.05162809301902071,float64,137996
20260119_024933,INSTAL_PAYMENT_DIFF_SUM,15868,0.05160207735108469,float64,128305
20260119_024933,INSTAL_PAYMENT_DIFF_VAR,16564,0.05386544046151795,float64,144113
20260119_024933,INSTAL_AMT_INSTALMENT_MAX,15868,0.05160207735108469,float64,236622
20260119_024933,INSTAL_AMT_INSTALMENT_MEAN,15868,0.05160207735108469,float64,288184
20260119_024933,INSTAL_AMT_INSTALMENT_SUM,15868,0.05160207735108469,float64,288140
20260119_024933,INSTAL_AMT_PAYMENT_MIN,15876,0.05162809301902071,float64,134230
20260119_024933,INSTAL_AMT_PAYMENT_MAX,15876,0.05162809301902071,float64,229568
20260119_024933,INSTAL_AMT_PAYMENT_MEAN,15876,0.05162809301902071,float64,288557
20260119_024933,INSTAL_AMT_PAYMENT_SUM,15868,0.05160207735108469,float64,287751
20260119_024933,INSTAL_DAYS_ENTRY_PAYMENT_MAX,15876,0.05162809301902071,float64,2937
20260119_024933,INSTAL_DAYS_ENTRY_PAYMENT_MEAN,15876,0.05162809301902071,float64,212226
20260119_024933,INSTAL_DAYS_ENTRY_PAYMENT_SUM,15868,0.05160207735108469,float64,102908
20260119_024933,INSTAL_COUNT,15868,0.05160207735108469,float64,319
20260119_024933,CC_MONTHS_BALANCE_MIN,220602,0.7173885472525828,float64,96
20260119_024933,CC_MONTHS_BALANCE_MAX,220602,0.7173885472525828,float64,5
20260119_024933,CC_MONTHS_BALANCE_MEAN,220602,0.7173885472525828,float64,459
20260119_024933,CC_MONTHS_BALANCE_SUM,220602,0.7173885472525828,float64,697
20260119_024933,CC_MONTHS_BALANCE_VAR,221234,0.719443785019528,float64,1183
20260119_024933,CC_AMT_BALANCE_MIN,220602,0.7173885472525828,float64,11608
20260119_024933,CC_AMT_BALANCE_MAX,220602,0.7173885472525828,float64,56722
20260119_024933,CC_AMT_BALANCE_MEAN,220602,0.7173885472525828,float64,59467
20260119_024933,CC_AMT_BALANCE_SUM,220602,0.7173885472525828,float64,58811
20260119_024933,CC_AMT_BALANCE_VAR,221234,0.719443785019528,float64,59357
20260119_024933,CC_AMT_CREDIT_LIMIT_ACTUAL_MIN,220602,0.7173885472525828,float64,161
20260119_024933,CC_AMT_CREDIT_LIMIT_ACTUAL_MAX,220602,0.7173885472525828,float64,54
20260119_024933,CC_AMT_CREDIT_LIMIT_ACTUAL_MEAN,220602,0.7173885472525828,float64,11313
20260119_024933,CC_AMT_CREDIT_LIMIT_ACTUAL_SUM,220602,0.7173885472525828,float64,2440
20260119_024933,CC_AMT_CREDIT_LIMIT_ACTUAL_VAR,221234,0.719443785019528,float64,24877
20260119_024933,CC_AMT_DRAWINGS_ATM_CURRENT_MIN,246367,0.8011752577990094,float64,138
20260119_024933,CC_AMT_DRAWINGS_ATM_CURRENT_MAX,246367,0.8011752577990094,float64,1305
20260119_024933,CC_AMT_DRAWINGS_ATM_CURRENT_MEAN,246367,0.8011752577990094,float64,22420
20260119_024933,CC_AMT_DRAWINGS_ATM_CURRENT_SUM,220602,0.7173885472525828,float64,5016
20260119_024933,CC_AMT_DRAWINGS_ATM_CURRENT_VAR,246814,0.8026288832449343,float64,43704
20260119_024933,CC_AMT_DRAWINGS_CURRENT_MIN,220602,0.7173885472525828,float64,2066
20260119_024933,CC_AMT_DRAWINGS_CURRENT_MAX,220602,0.7173885472525828,float64,24117
20260119_024933,CC_AMT_DRAWINGS_CURRENT_MEAN,220602,0.7173885472525828,float64,49079
20260119_024933,CC_AMT_DRAWINGS_CURRENT_SUM,220602,0.7173885472525828,float64,40377
20260119_024933,CC_AMT_DRAWINGS_CURRENT_VAR,221234,0.719443785019528,float64,56040
20260119_024933,CC_AMT_DRAWINGS_OTHER_CURRENT_MIN,246367,0.8011752577990094,float64,6
20260119_024933,CC_AMT_DRAWINGS_OTHER_CURRENT_MAX,246367,0.8011752577990094,float64,1339
20260119_024933,CC_AMT_DRAWINGS_OTHER_CURRENT_MEAN,246367,0.8011752577990094,float64,3923
20260119_024933,CC_AMT_DRAWINGS_OTHER_CURRENT_SUM,220602,0.7173885472525828,float64,2066
20260119_024933,CC_AMT_DRAWINGS_OTHER_CURRENT_VAR,246814,0.8026288832449343,float64,4861
20260119_024933,CC_AMT_DRAWINGS_POS_CURRENT_MIN,246367,0.8011752577990094,float64,2459
20260119_024933,CC_AMT_DRAWINGS_POS_CURRENT_MAX,246367,0.8011752577990094,float64,28865
20260119_024933,CC_AMT_DRAWINGS_POS_CURRENT_MEAN,246367,0.8011752577990094,float64,33412
20260119_024933,CC_AMT_DRAWINGS_POS_CURRENT_SUM,220602,0.7173885472525828,float64,31662
20260119_024933,CC_AMT_DRAWINGS_POS_CURRENT_VAR,246814,0.8026288832449343,float64,33669
20260119_024933,CC_AMT_INST_MIN_REGULARITY_MIN,220602,0.7173885472525828,float64,2358
20260119_024933,CC_AMT_INST_MIN_REGULARITY_MAX,220602,0.7173885472525828,float64,32000
20260119_024933,CC_AMT_INST_MIN_REGULARITY_MEAN,220602,0.7173885472525828,float64,57389
20260119_024933,CC_AMT_INST_MIN_REGULARITY_SUM,220602,0.7173885472525828,float64,56353
20260119_024933,CC_AMT_INST_MIN_REGULARITY_VAR,221234,0.719443785019528,float64,57582
20260119_024933,CC_AMT_PAYMENT_CURRENT_MIN,246447,0.8014354144783696,float64,9923
20260119_024933,CC_AMT_PAYMENT_CURRENT_MAX,246447,0.8014354144783696,float64,25753
20260119_024933,CC_AMT_PAYMENT_CURRENT_MEAN,246447,0.8014354144783696,float64,56764
20260119_024933,CC_AMT_PAYMENT_CURRENT_SUM,220602,0.7173885472525828,float64,54234
20260119_024933,CC_AMT_PAYMENT_CURRENT_VAR,246888,0.8028695281733425,float64,59041
20260119_024933,CC_AMT_PAYMENT_TOTAL_CURRENT_MIN,220602,0.7173885472525828,float64,1507
20260119_024933,CC_AMT_PAYMENT_TOTAL_CURRENT_MAX,220602,0.7173885472525828,float64,30350
20260119_024933,CC_AMT_PAYMENT_TOTAL_CURRENT_MEAN,220602,0.7173885472525828,float64,57833
20260119_024933,CC_AMT_PAYMENT_TOTAL_CURRENT_SUM,220602,0.7173885472525828,float64,52950
20260119_024933,CC_AMT_PAYMENT_TOTAL_CURRENT_VAR,221234,0.719443785019528,float64,59991
20260119_024933,CC_AMT_RECEIVABLE_PRINCIPAL_MIN,220602,0.7173885472525828,float64,8523
20260119_024933,CC_AMT_RECEIVABLE_PRINCIPAL_MAX,220602,0.7173885472525828,float64,46271
20260119_024933,CC_AMT_RECEIVABLE_PRINCIPAL_MEAN,220602,0.7173885472525828,float64,58549
20260119_024933,CC_AMT_RECEIVABLE_PRINCIPAL_SUM,220602,0.7173885472525828,float64,57769
20260119_024933,CC_AMT_RECEIVABLE_PRINCIPAL_VAR,221234,0.719443785019528,float64,58564
20260119_024933,CC_AMT_RECIVABLE_MIN,220602,0.7173885472525828,float64,19919
20260119_024933,CC_AMT_RECIVABLE_MAX,220602,0.7173885472525828,float64,56412
20260119_024933,CC_AMT_RECIVABLE_MEAN,220602,0.7173885472525828,float64,59521
20260119_024933,CC_AMT_RECIVABLE_SUM,220602,0.7173885472525828,float64,58870
20260119_024933,CC_AMT_RECIVABLE_VAR,221234,0.719443785019528,float64,59445
20260119_024933,CC_AMT_TOTAL_RECEIVABLE_MIN,220602,0.7173885472525828,float64,19918
20260119_024933,CC_AMT_TOTAL_RECEIVABLE_MAX,220602,0.7173885472525828,float64,56422
20260119_024933,CC_AMT_TOTAL_RECEIVABLE_MEAN,220602,0.7173885472525828,float64,59521
20260119_024933,CC_AMT_TOTAL_RECEIVABLE_SUM,220602,0.7173885472525828,float64,58868
20260119_024933,CC_AMT_TOTAL_RECEIVABLE_VAR,221234,0.719443785019528,float64,59446
20260119_024933,CC_CNT_DRAWINGS_ATM_CURRENT_MIN,246367,0.8011752577990094,float64,23
20260119_024933,CC_CNT_DRAWINGS_ATM_CURRENT_MAX,246367,0.8011752577990094,float64,44
20260119_024933,CC_CNT_DRAWINGS_ATM_CURRENT_MEAN,246367,0.8011752577990094,float64,3385
20260119_024933,CC_CNT_DRAWINGS_ATM_CURRENT_SUM,220602,0.7173885472525828,float64,163
20260119_024933,CC_CNT_DRAWINGS_ATM_CURRENT_VAR,246814,0.8026288832449343,float64,29341
20260119_024933,CC_CNT_DRAWINGS_CURRENT_MIN,220602,0.7173885472525828,float64,43
20260119_024933,CC_CNT_DRAWINGS_CURRENT_MAX,220602,0.7173885472525828,float64,119
20260119_024933,CC_CNT_DRAWINGS_CURRENT_MEAN,220602,0.7173885472525828,float64,6584
20260119_024933,CC_CNT_DRAWINGS_CURRENT_SUM,220602,0.7173885472525828,float64,548
20260119_024933,CC_CNT_DRAWINGS_CURRENT_VAR,221234,0.719443785019528,float64,41524
20260119_024933,CC_CNT_DRAWINGS_OTHER_CURRENT_MIN,246367,0.8011752577990094,float64,3
20260119_024933,CC_CNT_DRAWINGS_OTHER_CURRENT_MAX,246367,0.8011752577990094,float64,11
20260119_024933,CC_CNT_DRAWINGS_OTHER_CURRENT_MEAN,246367,0.8011752577990094,float64,449
20260119_024933,CC_CNT_DRAWINGS_OTHER_CURRENT_SUM,220602,0.7173885472525828,float64,31
20260119_024933,CC_CNT_DRAWINGS_OTHER_CURRENT_VAR,246814,0.8026288832449343,float64,1499
20260119_024933,CC_CNT_DRAWINGS_POS_CURRENT_MIN,246367,0.8011752577990094,float64,45
20260119_024933,CC_CNT_DRAWINGS_POS_CURRENT_MAX,246367,0.8011752577990094,float64,123
20260119_024933,CC_CNT_DRAWINGS_POS_CURRENT_MEAN,246367,0.8011752577990094,float64,5024
20260119_024933,CC_CNT_DRAWINGS_POS_CURRENT_SUM,220602,0.7173885472525828,float64,532
20260119_024933,CC_CNT_DRAWINGS_POS_CURRENT_VAR,246814,0.8026288832449343,float64,21978
20260119_024933,CC_CNT_INSTALMENT_MATURE_CUM_MIN,220602,0.7173885472525828,float64,28
20260119_024933,CC_CNT_INSTALMENT_MATURE_CUM_MAX,220602,0.7173885472525828,float64,120
20260119_024933,CC_CNT_INSTALMENT_MATURE_CUM_MEAN,220602,0.7173885472525828,float64,13923
20260119_024933,CC_CNT_INSTALMENT_MATURE_CUM_SUM,220602,0.7173885472525828,float64,4925
20260119_024933,CC_CNT_INSTALMENT_MATURE_CUM_VAR,221234,0.719443785019528,float64,25349
20260119_024933,CC_SK_DPD_MIN,220602,0.7173885472525828,float64,1
20260119_024933,CC_SK_DPD_MAX,220602,0.7173885472525828,float64,409
20260119_024933,CC_SK_DPD_MEAN,220602,0.7173885472525828,float64,3606
20260119_024933,CC_SK_DPD_SUM,220602,0.7173885472525828,float64,1464
20260119_024933,CC_SK_DPD_VAR,221234,0.719443785019528,float64,6779
20260119_024933,CC_SK_DPD_DEF_MIN,220602,0.7173885472525828,float64,1
20260119_024933,CC_SK_DPD_DEF_MAX,220602,0.7173885472525828,float64,52
20260119_024933,CC_SK_DPD_DEF_MEAN,220602,0.7173885472525828,float64,1548
20260119_024933,CC_SK_DPD_DEF_SUM,220602,0.7173885472525828,float64,217
20260119_024933,CC_SK_DPD_DEF_VAR,221234,0.719443785019528,float64,3919
20260119_024933,CC_COUNT,220602,0.7173885472525828,float64,128
